A,Rookie Racing Legends,Tallz-88,KuhlerMann_42
A,Midlife Motors,Yenkoo,heipoBayer
A,Steuerhinterzieher,MC_Jozinho_23,kartoffel_zdf
A,Umbreit ESPORT 1,UE_Yanek,UE_TobN
A,De Zwarte Schapen GP,ldsnooze,LukasFalk46
A,Red&Blue Racing,dante_1006,therealod
A,Rennsportgruppe O.S.T.,boWritos,smue75
A,Diving Monkeyz,Karad360,jannofant68
A,LimitedAmbition,PatrickRacingTV,teddy9787
A,KroTech Motorsport,Fredi998,Mistery Horn
A,Umbreit ESPORTS 2,Triechex,F1_Lauda
B,KölscheJungs,Maenni708,Maischbert
B,Lost in Pace Racing,Magin-1987,mikeresistere
B,OutRun Racing Senior,x_X_xaNuBiSx_X_x,goal_keeper20
B,OutRun Racing Junior,d00p44-,haffner90
B,Green Mamba Racing,x_--Skippi--_x,R3laxMambaFrk
B,Alte Säcke Racing,bluechip2405,Roadtrip73
B,Phantomracer,TEKKNO180968,KimZocktOffline
B,Lux Performance,PascalBayer,Delpes001
B,Micro Machines Motorsport,snimat,MarciStar266
B,Die Hellenischen Heizer,BaloTelly87,Tegooo83
B,,Grape1214,Tengo1Punto40
